,LINDEF,Signature-Based IDS,Anomaly-Based IDS,Cloud-Based Endpoint Detection,Rule-Based IDS
Detection Accuracy(%),Binary- 99.83%,94%-98%,85% – 95%,96% – 99%,90% – 95%
,Attack Class- 94.15%,,,,
False Positive Rate(%),Binary- 0.21%,< 1%,3% – 5%,2%,1% – 2%
,Attack Class- 0.37%,,,,
Average Latency(ms),Binary- 54.18ms,< 5ms,10 – 50 ms,50 – 200 ms,5 – 15 ms
,Attack Class-53.79ms,,,,
RAM Usage(MB),Binary - 18.52MB,50-200MB,1 - 4GB,Varies (< 5% of host),200-500MB
,Attack Class- 8.32MB,,,,
Detection Task,"Classifies network traffic as either normal or attack, and if an attack is present, classifies attack type.",Detects attacks by matching traffic against known attack signatures or patterns.,Detects traffic that significantly deviates from normal network behavior.,Monitors endpoint or device activity through cloud-supported detection systems.,Detects attacks using manually written rules and predefined logic.
Key Takeaway,"LINDEF’s binary model showed extremely strong detection performance with 99.83% accuracy and a 0.21% false positive rate, making it the strongest overall detection stage in the system. The attack classification model achieved strong multi-class performance with 94.15% accuracy, allowing LINDEF to identify not just whether traffic is malicious, but what type of attack is likely occurring.","Signature-based IDS methods are very fast and accurate for known attacks, but they require frequent updates and may struggle with new or modified attack patterns.","Anomaly-based systems can detect unusual behavior, but they often require large training baselines and tend to have higher false positive rates than LINDEF.","Cloud endpoint detection can achieve high accuracy, but it may involve higher latency, vendor dependence, privacy concerns, and alert fatigue.","Rule-based IDS methods are understandable and efficient, but they require constant manual rule maintenance and may not adapt well to evolving threats."
"Statistical Analysis of IDS Methods constructed using: Shah, S. A. R., & Issac, B. (2018). Performance comparison of intrusion detection systems and application of machine learning to Snort system. Future Generation Computer Systems, 80, 157–170. https://doi.org/10.1016/j.future.2017.10.016, Waleed, A., Jamali, A. F., & Masood, A. (2022). Which open?source IDS? Snort, Suricata or Zeek. Computer Networks, 213, 109116. https://doi.org/10.1016/j.comnet.2022.109116, Wirianda, I. B. A., Huwae, R. B., & Jatmika, A. H. (2024). Testing the effectiveness of intrusion detection systems (Snort, Suricata, and Zeek) against SYN flood attacks. Jurnal Bumigora Information Technology, 7(2). https://doi.org/10.30812/bite.v7i2.5226,  Zaitsev, E. (2025, December 10). CrowdStrike achieves 100% detection and zero false positives in MITRE ATT&CK Enterprise evaluations. CrowdStrike. https://www.crowdstrike.com/en-us/blog/crowdstrike-achieves-100-percent-mitre-attack-enterprise-evaluation/",,,,,
